{
  "sample_count": 1000,
  "average_energy": 0.03925616750078483,
  "max_energy": 0.3952564357067442,
  "min_energy": 0.0,
  "first_10_samples": [
    0.0,
    0.0,
    0.0,
    0.0,
    0.004062515677878759,
    0.014078633390730282,
    0.04263383499268938,
    0.022689493437788016,
    0.059285378921853794,
    0.037418704723905356
  ]
}